event_id,event_type,user_id,anonymous_id,session_id,event_timestamp,received_at,properties,_ingested_at,_file_name
e001,login,u_alice,a_alice,s1,2026-01-10 09:00:00,2026-01-10 09:00:05,{},2026-01-10 09:01:00,events_20260110.json
e002,page_view,u_alice,a_alice,s1,2026-01-10 09:01:00,2026-01-10 09:01:04,{},2026-01-10 09:02:00,events_20260110.json
e003,feature_used,u_alice,a_alice,s1,2026-01-10 09:05:00,2026-01-10 09:05:03,{},2026-01-10 09:06:00,events_20260110.json
e004,purchase,u_alice,a_alice,s1,2026-01-10 09:20:00,2026-01-10 09:20:02,"{""revenue"":49.00}",2026-01-10 09:21:00,events_20260110.json
e004,purchase,u_alice,a_alice,s1,2026-01-10 09:20:00,2026-01-10 09:20:09,"{""revenue"":49.00}",2026-01-10 09:21:30,events_20260110.json
e005,page_view,,a_ghost,s2,2026-01-10 10:00:00,2026-01-10 10:00:06,{},2026-01-10 10:01:00,events_20260110.json
e006,login,u_bob,a_bob,s3,2026-02-01 14:00:00,2026-02-01 14:00:04,{},2026-02-01 14:01:00,events_20260201.json
e007,feature_used,u_bob,a_bob,s3,2026-02-01 14:40:00,2026-02-01 14:40:03,{},2026-02-01 14:41:00,events_20260201.json
e008,purchase,u_bob,a_bob,s3,2026-03-15 11:00:00,2026-03-15 11:00:05,"{""revenue"":199.00,""plan_tier"":""pro""}",2026-03-15 11:01:00,events_20260315.json
e009,page_view,u_alice,a_alice,s4,2026-03-15 08:00:00,2026-03-17 08:00:00,"{""plan_tier"":""enterprise""}",2026-03-17 08:01:00,events_20260317_late.json
